PLAYER,Age,G,GS,Cmp,Att,Yds,TD,Int,Att,Yds,Y/A,TD,Tgt,Rec,Yds,Y/R,TD,Fmb,FL,TD,2PM,2PP
A.J. Brown,23,14,12,0,0,0,0,0,0,0,0,0,106,70,1075,15.36,11,2,1,12,0,0
A.J. Green,32,16,14,0,0,0,0,0,0,0,0,0,104,47,523,11.13,2,0,0,2,0,0
AJ Dillon,22,11,0,0,0,0,0,0,46,242,5.26,2,2,2,21,10.50,0,0,0,2,0,0
Aaron Jones,26,14,14,0,0,0,0,0,201,1104,5.49,9,63,47,355,7.55,2,2,0,11,0,0
Aaron Rodgers,37,16,16,372,526,4299,48,5,38,149,3.92,3,1,1,-6,-6.00,0,4,2,3,0,0
Adam Humphries,27,7,1,0,0,0,0,0,0,0,0,0,35,23,228,9.91,2,0,0,2,0,0
Adam Shaheen,26,16,5,0,0,0,0,0,0,0,0,0,22,12,150,12.50,3,0,0,3,0,0
Adam Thielen,30,15,15,0,0,0,0,0,3,15,5.00,0,108,74,925,12.50,14,0,0,14,1,0
Adam Trautman,23,15,6,0,0,0,0,0,0,0,0,0,16,15,171,11.40,1,0,0,1,0,0
Adrian Peterson,35,16,10,0,0,0,0,0,156,604,3.87,7,18,12,101,8.42,0,0,0,7,0,0
Albert Okwuegbunam,22,4,0,0,0,0,0,0,0,0,0,0,15,11,121,11.00,1,0,0,1,0,0
Alec Ingold,24,16,4,0,0,0,0,0,3,4,1.33,0,17,12,110,9.17,1,0,0,1,0,0
Alex Armah,26,16,1,0,0,0,0,0,6,9,1.50,0,9,5,18,3.60,0,0,0,0,0,0
Alex Bachman,24,1,0,0,0,0,0,0,0,0,0,0,0,0,0,0,0,0,0,0,0,0
Alex Collins,26,3,1,0,0,0,0,0,18,77,4.28,2,2,1,4,4.00,0,0,0,2,0,0
Alex Erickson,28,16,2,0,1,0,0,0,5,7,1.40,0,17,12,139,11.58,0,2,2,0,0,0
Alexander Mattison,22,13,2,0,0,0,0,0,96,434,4.52,2,15,13,125,9.62,1,0,0,3,0,0
Allen Lazard,25,10,9,0,0,0,0,0,2,17,8.50,0,46,33,451,13.67,3,0,0,3,0,0
Allen Robinson,27,16,16,0,0,0,0,0,1,-1,-1.00,0,151,102,1250,12.25,6,0,0,6,0,0
Alvin Kamara,25,15,10,0,0,0,0,0,187,932,4.98,16,107,83,756,9.11,5,1,0,21,0,0
Amari Cooper,26,16,15,0,0,0,0,0,6,14,2.33,0,130,92,1114,12.11,5,0,0,5,1,0
Ameer Abdullah,27,16,0,0,0,0,0,0,8,42,5.25,0,9,8,58,7.25,2,0,0,2,0,0
Andre Roberts,32,15,0,0,0,0,0,0,1,-3,-3.00,0,5,4,34,8.50,0,3,2,0,0,0
Andy Dalton,33,11,9,216,333,2170,14,8,28,114,4.07,0,1,1,-3,-3.00,0,2,1,0,0,0
Andy Isabella,24,13,2,0,0,0,0,0,1,-6,-6.00,0,35,21,224,10.67,2,1,0,2,0,0
Andy Janovich,27,14,3,0,0,0,0,0,2,4,2.00,0,5,2,13,6.50,0,0,0,0,0,0
Anthony Firkser,25,16,1,0,0,0,0,0,0,0,0,0,53,39,387,9.92,1,0,0,1,0,0
Anthony McFarland Jr.,21,11,0,0,0,0,0,0,33,113,3.42,0,9,6,54,9.00,0,0,0,0,0,0
Anthony Miller,26,16,6,0,0,0,0,0,2,12,6.00,0,76,49,485,9.90,2,2,1,2,0,0
Antonio Brown,32,8,4,0,0,0,0,0,2,-2,-1.00,0,62,45,483,10.73,4,0,0,4,0,0
Antonio Gibson,22,14,10,0,0,0,0,0,170,795,4.68,11,44,36,247,6.86,0,1,2,11,0,0
Antony Auclair,27,8,2,0,0,0,0,0,0,0,0,0,1,0,0,0,0,0,0,0,0,0
Ashton Dulin,23,13,0,0,0,0,0,0,2,11,5.50,0,6,3,53,17.67,0,1,0,0,0,0
Auden Tate,23,9,2,0,0,0,0,0,0,0,0,0,22,14,150,10.71,0,0,0,0,0,0
Austin Ekeler,25,10,10,0,0,0,0,0,116,530,4.57,1,65,54,403,7.46,2,1,0,3,0,0
Austin Hooper,26,13,13,0,0,0,0,0,0,0,0,0,70,46,435,9.46,4,0,0,4,0,0
Austin Walter,24,4,0,0,0,0,0,0,1,3,3.00,0,1,1,27,27.00,0,0,0,0,0,0
Baker Mayfield,25,16,16,305,486,3563,26,8,54,165,3.06,1,1,1,6,6.00,0,8,4,1,0,1
Ben Roethlisberger,38,15,15,399,608,3803,33,10,25,11,0.44,0,0,0,0,0,0,5,1,0,0,2
Benny Snell Jr.,22,16,3,0,0,0,0,0,111,368,3.32,4,14,10,61,6.10,0,2,1,4,0,0
Blaine Gabbert,31,4,0,9,16,143,2,0,9,16,1.78,0,0,0,0,0,0,1,0,0,0,0
Blake Bell,29,16,2,0,0,0,0,0,1,2,2.00,0,15,11,110,10.00,0,0,0,0,0,0
Blake Jarwin,26,1,1,0,0,0,0,0,0,0,0,0,1,1,12,12.00,0,0,0,0,0,0
Boston Scott,25,16,4,0,0,0,0,0,80,374,4.68,1,36,25,212,8.48,1,2,0,2,0,0
Brandin Cooks,27,15,15,0,0,0,0,0,0,0,0,0,119,81,1150,14.20,6,0,0,6,0,0
Brandon Aiyuk,22,12,11,0,0,0,0,0,6,77,12.83,2,96,60,748,12.47,5,0,0,7,0,0
Brandon Allen,28,5,5,90,142,925,5,4,13,27,2.08,0,1,0,0,0,0,1,1,0,0,0
Brandon Powell,25,15,1,0,0,0,0,0,2,7,3.50,0,18,12,69,5.75,2,2,1,2,0,0
Brandon Zylstra,27,16,2,0,0,0,0,0,1,1,1.00,0,4,3,35,11.67,0,0,0,1,0,0
Braxton Berrios,25,16,2,0,0,0,0,0,3,29,9.67,0,55,37,394,10.65,3,0,0,3,0,0
Breshad Perriman,27,12,12,0,0,0,0,0,1,6,6.00,0,60,30,505,16.83,3,0,0,3,0,0
Brian Hoyer,35,1,1,15,24,130,0,1,1,8,8.00,0,0,0,0,0,0,1,1,0,0,0
Bryan Edwards,22,12,3,0,0,0,0,0,0,0,0,0,15,11,193,17.55,1,0,0,1,0,0
Brycen Hopkins,23,5,0,0,0,0,0,0,0,0,0,0,0,0,0,0,0,0,0,0,0,0
Buddy Howell,24,14,0,0,0,0,0,0,16,64,4.00,0,2,1,3,3.00,0,0,0,0,0,0
Byron Pringle,27,13,3,0,0,0,0,0,0,0,0,0,17,13,160,12.31,1,0,0,2,0,0
C.J. Beathard,27,6,2,66,104,787,6,0,6,28,4.67,0,0,0,0,0,0,3,3,0,0,0
C.J. Board,27,14,4,0,0,0,0,0,1,3,3.00,0,16,11,101,9.18,0,0,0,0,0,0
C.J. Ham,27,15,11,0,0,0,0,0,5,18,3.60,0,13,8,97,12.13,1,0,0,1,0,0
C.J. Uzomah,27,2,2,0,0,0,0,0,0,0,0,0,11,8,87,10.88,1,0,0,1,0,0
Calvin Ridley,26,15,15,0,0,0,0,0,5,1,0.20,0,143,90,1374,15.27,9,1,1,9,1,0
Cam Akers,21,13,5,0,0,0,0,0,145,625,4.31,2,14,11,123,11.18,1,1,1,3,0,0
Cam Newton,31,15,15,242,368,2657,8,10,137,592,4.32,12,2,2,35,17.50,1,6,1,13,0,1
Cam Sims,24,16,10,0,0,0,0,0,1,5,5.00,0,48,32,477,14.91,1,1,0,1,0,0
Cameron Batson,25,12,1,0,0,0,0,0,4,20,5.00,0,13,12,100,8.33,1,1,0,1,0,0
Cameron Brate,29,16,1,0,0,0,0,0,0,0,0,0,34,28,282,10.07,2,0,0,2,0,0
Carlos Hyde,30,10,1,0,0,0,0,0,81,356,4.40,4,20,16,93,5.81,0,1,0,4,0,0
Carson Wentz,28,12,12,251,437,2620,16,15,52,276,5.31,5,0,0,0,0,0,10,4,5,0,5
Case Keenum,32,2,0,5,10,46,0,0,0,0,0,0,0,0,0,0,0,0,0,0,0,0
Cedrick Wilson Jr.,25,16,0,2,2,23,1,0,3,-12,-4.00,0,28,17,189,11.12,2,0,0,2,0,0
CeeDee Lamb,21,16,14,0,0,0,0,0,10,82,8.20,1,111,74,935,12.64,5,2,1,7,1,0
Cethan Carter,25,15,5,0,0,0,0,0,0,0,0,0,7,5,53,10.60,0,0,0,0,0,0
Chad Henne,35,3,1,28,38,248,2,0,7,-2,-0.29,1,0,0,0,0,0,2,0,1,0,0
Charlie Woerner,23,14,0,0,0,0,0,0,0,0,0,0,4,3,36,12.00,0,0,0,0,0,0
Chase Claypool,22,16,6,0,0,0,0,0,10,16,1.60,2,109,62,873,14.08,9,3,1,11,0,0
Chase Daniel,34,4,0,29,43,264,1,2,2,16,8.00,0,0,0,0,0,0,0,0,0,0,0
Chase Edmonds,24,16,2,0,0,0,0,0,97,448,4.62,1,67,53,402,7.58,4,2,0,5,0,0
Chris Carson,26,12,12,0,0,0,0,0,141,681,4.83,5,46,37,287,7.76,4,1,0,9,0,0
Chris Conley,28,15,4,0,0,0,0,0,0,0,0,0,63,40,471,11.78,2,1,1,2,0,0
Chris Godwin,24,12,12,0,0,0,0,0,0,0,0,0,84,65,840,12.92,7,1,0,7,0,0
Chris Herndon,24,16,13,0,0,0,0,0,0,0,0,0,45,31,287,9.26,3,2,2,3,0,0
Chris Hogan,33,5,4,0,0,0,0,0,0,0,0,0,26,14,118,8.43,0,0,0,0,0,0
Chris Manhertz,28,16,12,0,0,0,0,0,0,0,0,0,8,6,52,8.67,0,0,0,0,0,0
Chris Moore,27,3,0,0,0,0,0,0,0,0,0,0,0,0,0,0,0,0,0,0,0,0
Chris Myarick,25,3,0,0,0,0,0,0,0,0,0,0,0,0,0,0,0,0,0,0,0,0
Chris Streveler,25,5,0,11,16,105,1,1,4,15,3.75,0,0,0,0,0,0,1,0,0,0,0
Christian Blake,24,16,0,0,0,0,0,0,0,0,0,0,18,13,141,10.85,0,0,0,0,0,0
Christian Kirk,24,14,10,0,0,0,0,0,2,3,1.50,0,79,48,621,12.94,6,1,0,6,0,0
Christian McCaffrey,24,3,3,0,0,0,0,0,59,225,3.81,5,19,17,149,8.76,1,0,0,6,0,0
Clyde Edwards-Helaire,21,13,13,0,0,0,0,0,181,803,4.44,4,54,36,297,8.25,1,0,0,5,0,0
Cody Hollister,27,2,0,0,0,0,0,0,0,0,0,0,1,1,12,12.00,0,0,0,0,0,0
Colby Parkinson,21,6,0,0,0,0,0,0,0,0,0,0,2,2,16,8.00,0,0,0,0,0,0
Cole Beasley,31,15,10,1,1,20,1,0,0,0,0,0,107,82,967,11.79,4,0,0,4,0,0
Cole Kmet,21,16,9,0,0,0,0,0,1,-3,-3.00,0,44,28,243,8.68,2,1,1,2,0,0
Collin Johnson,23,14,0,0,0,0,0,0,0,0,0,0,31,18,272,15.11,2,0,0,2,1,0
Colt McCoy,34,4,2,40,66,375,1,1,9,12,1.33,0,0,0,0,0,0,1,1,0,0,1
Cooper Kupp,27,15,12,0,0,0,0,0,4,33,8.25,0,124,92,974,10.59,3,1,1,3,0,0
Cordarrelle Patterson,29,16,3,0,0,0,0,0,64,232,3.63,1,25,21,132,6.29,0,0,0,2,0,0
Corey Clement,26,15,0,0,0,0,0,0,21,75,3.57,1,6,5,25,5.00,0,0,0,1,0,0
Corey Davis,25,14,12,0,0,0,0,0,0,0,0,0,92,65,984,15.14,5,1,1,5,0,0
Courtland Sutton,25,1,1,0,0,0,0,0,0,0,0,0,6,3,66,22.00,0,0,0,0,0,0
Craig Reynolds,24,2,0,0,0,0,0,0,1,4,4.00,0,1,1,3,3.00,0,0,0,0,0,0
Curtis Samuel,24,15,5,0,0,0,0,0,41,200,4.88,2,97,77,851,11.05,3,1,0,5,0,0
Cyril Grayson,27,3,0,0,0,0,0,0,0,0,0,0,3,0,0,0,0,0,0,0,0,0
D'Andre Swift,21,13,4,0,0,0,0,0,114,521,4.57,8,57,46,357,7.76,2,3,2,10,0,0
D'Ernest Johnson,24,16,0,0,0,0,0,0,33,166,5.03,0,4,3,14,4.67,0,1,0,0,0,0
D'Onta Foreman,24,6,0,0,0,0,0,0,22,95,4.32,0,1,1,5,5.00,1,0,0,1,0,0
D.J. Moore,23,15,14,0,1,0,0,0,2,22,11.00,0,118,66,1193,18.08,4,0,0,4,0,0
D.K. Metcalf,23,16,16,0,0,0,0,0,0,0,0,0,129,83,1303,15.70,10,1,1,10,0,0
DJ Chark,24,13,12,0,0,0,0,0,0,0,0,0,93,53,706,13.32,5,0,0,5,0,0
Dak Prescott,27,5,5,151,222,1856,9,4,18,93,5.17,3,1,1,11,11.00,1,3,3,4,1,1
Dallas Goedert,25,11,9,0,0,0,0,0,0,0,0,0,65,46,524,11.39,3,0,0,3,0,0
Dalton Schultz,24,16,14,0,0,0,0,0,0,0,0,0,89,63,615,9.76,4,1,1,4,0,0
Dalvin Cook,25,14,14,0,0,0,0,0,312,1557,4.99,16,54,44,361,8.20,1,5,3,17,3,0
Damien Harris,23,10,10,0,0,0,0,0,137,691,5.04,2,7,5,52,10.40,0,1,0,2,0,0
Damiere Byrd,27,16,14,0,0,0,0,0,2,15,7.50,0,77,47,604,12.85,1,3,0,1,0,0
Dan Arnold,25,16,5,0,0,0,0,0,0,0,0,0,45,31,438,14.13,4,2,1,4,0,0
Daniel Brown,28,16,1,0,0,0,0,0,0,0,0,0,2,2,31,15.50,0,0,0,0,0,0
Daniel Helm,25,5,0,0,0,0,0,0,0,0,0,0,0,0,0,0,0,0,0,0,0,0
Daniel Jones,23,14,14,280,448,2943,11,10,65,423,6.51,1,0,0,0,0,0,10,6,1,0,1
Danny Amendola,35,14,5,0,0,0,0,0,1,2,2.00,0,69,46,602,13.09,0,0,0,0,0,0
Dante Pettis,25,7,1,0,0,0,0,0,0,0,0,0,6,4,76,19.00,1,1,1,1,0,0
Dare Ogunbowale,26,14,2,0,0,0,0,0,32,145,4.53,0,20,10,54,5.40,0,0,0,0,0,0
Darius Slayton,23,16,15,0,0,0,0,0,2,-1,-0.50,0,96,50,751,15.02,3,1,1,3,0,0
Darnell Mooney,23,16,9,0,0,0,0,0,4,20,5.00,0,98,61,631,10.34,4,1,0,4,1,0
Darrel Williams,25,16,0,0,0,0,0,0,39,169,4.33,1,26,18,116,6.44,0,0,0,1,1,0
Darrell Daniels,26,12,8,0,0,0,0,0,0,0,0,0,11,8,92,11.50,1,0,0,1,0,0
Darrell Henderson,23,15,11,0,0,0,0,0,138,624,4.52,5,24,16,159,9.94,1,0,0,6,0,0
Darren Fells,34,16,14,0,0,0,0,0,0,0,0,0,28,21,312,14.86,4,0,0,4,0,0
Darren Waller,28,16,15,0,0,0,0,0,0,0,0,0,145,107,1196,11.18,9,2,2,9,1,0
Darrynton Evans,22,5,0,0,0,0,0,0,14,54,3.86,0,4,2,27,13.50,1,0,0,1,0,0
Davante Adams,28,14,14,0,0,0,0,0,0,0,0,0,149,115,1374,11.95,18,1,1,18,0,0
David Blough,25,1,0,6,10,49,0,1,1,18,18.00,0,0,0,0,0,0,0,0,0,0,0
David Johnson,29,12,12,0,0,0,0,0,147,691,4.70,6,46,33,314,9.52,2,2,1,8,0,0
David Montgomery,23,15,14,0,0,0,0,0,247,1070,4.33,8,68,54,438,8.11,2,1,1,10,1,0
David Njoku,24,13,5,0,0,0,0,0,0,0,0,0,29,19,213,11.21,2,0,0,2,0,0
Dawson Knox,24,12,7,0,0,0,0,0,0,0,0,0,44,24,288,12.00,3,2,2,3,0,0
DeAndre Carter,27,13,0,0,0,0,0,0,0,0,0,0,2,1,8,8.00,0,2,1,0,0,0
DeAndre Hopkins,28,16,16,0,0,0,0,0,1,1,1.00,0,160,115,1407,12.23,6,3,2,6,0,0
DeSean Jackson,34,5,5,0,0,0,0,0,1,12,12.00,0,26,14,236,16.86,1,0,0,1,0,0
DeVante Parker,27,14,11,0,0,0,0,0,0,0,0,0,103,63,793,12.59,4,1,0,4,0,0
Dede Westbrook,27,2,0,0,0,0,0,0,0,0,0,0,1,1,4,4.00,0,1,1,0,0,0
DeeJay Dallas,22,12,2,0,0,0,0,0,34,108,3.18,2,20,17,111,6.53,1,0,0,3,0,0
Deebo Samuel,24,7,5,0,0,0,0,0,8,26,3.25,0,44,33,391,11.85,1,0,0,1,0,0
Demarcus Robinson,26,16,9,0,0,0,0,0,0,0,0,0,59,45,466,10.36,3,2,1,3,0,0
Demetrius Harris,29,15,5,0,0,0,0,0,0,0,0,0,14,7,45,6.43,0,0,0,0,0,0
Denzel Mims,23,9,8,0,0,0,0,0,0,0,0,0,44,23,357,15.52,0,0,0,0,1,0
Deon Yelder,25,14,1,0,0,0,0,0,0,0,0,0,11,7,36,5.14,0,0,0,0,0,0
Deonte Harty,23,9,2,0,0,0,0,0,6,51,8.50,0,25,20,186,9.30,1,3,1,1,0,0
Derek Carr,29,16,16,348,517,4103,27,9,39,140,3.59,3,0,0,0,0,0,11,8,3,0,1
Derek Carrier,30,16,0,0,0,0,0,0,0,0,0,0,1,1,14,14.00,0,0,0,0,0,0
Derek Watt,28,12,0,0,0,0,0,0,0,0,0,0,0,0,0,0,0,0,0,0,0,0
Derrick Henry,26,16,16,0,0,0,0,0,378,2027,5.36,17,31,19,114,6.00,0,3,2,17,1,0
Devin Duvernay,23,16,3,0,0,0,0,0,4,70,17.50,0,26,20,201,10.05,0,0,0,1,0,0
Devin Singletary,23,16,16,0,0,0,0,0,156,687,4.40,2,50,38,269,7.08,0,1,1,2,0,0
Devine Ozigbo,24,8,0,0,0,0,0,0,1,1,1.00,0,9,9,42,4.67,0,0,0,0,0,0
Devonta Freeman,28,5,4,0,0,0,0,0,54,172,3.19,1,10,7,58,8.29,0,0,0,1,0,0
Devontae Booker,28,16,1,0,0,0,0,0,93,423,4.55,3,21,17,84,4.94,0,1,0,3,0,0
Dezmon Patmon,22,1,0,0,0,0,0,0,0,0,0,0,0,0,0,0,0,0,0,0,0,0
Diontae Johnson,24,15,13,0,0,0,0,0,3,15,5.00,0,144,88,923,10.49,7,2,1,7,0,0
Diontae Spencer,28,11,0,0,0,0,0,0,3,19,6.33,0,6,3,26,8.67,0,2,0,1,0,0
Dominique Dafney,23,5,2,0,0,0,0,0,0,0,0,0,2,2,26,13.00,1,0,0,1,0,0
Donald Parham,23,13,5,0,0,0,0,0,0,0,0,0,20,10,159,15.90,3,0,0,3,0,0
Donovan Peoples-Jones,21,12,2,0,0,0,0,0,0,0,0,0,20,14,304,21.71,2,0,0,2,1,0
Dontrell Hilliard,25,7,0,0,0,0,0,0,9,48,5.33,0,1,1,2,2.00,0,0,0,0,0,0
Drew Lock,24,13,13,254,443,2933,16,15,44,160,3.64,3,0,0,0,0,0,8,3,3,0,1
Drew Sample,24,16,13,0,0,0,0,0,0,0,0,0,53,40,349,8.73,1,1,1,1,0,0
Duke Johnson,27,11,5,0,0,0,0,0,77,235,3.05,1,35,28,249,8.89,1,3,2,2,0,0
Durham Smythe,25,15,13,0,0,0,0,0,0,0,0,0,29,26,208,8.00,2,0,0,2,0,0
Dwayne Washington,26,11,0,0,0,0,0,0,8,15,1.88,0,0,0,0,0,0,0,0,0,0,0
Elijhaa Penny,27,14,0,0,0,0,0,0,6,15,2.50,0,3,2,20,10.00,0,0,0,0,0,0
Emmanuel Sanders,33,14,5,0,0,0,0,0,1,12,12.00,0,82,61,726,11.90,5,1,0,5,0,0
Equanimeous St. Brown,24,12,1,0,0,0,0,0,1,7,7.00,0,13,7,117,16.71,1,0,0,1,0,0
Eric Ebron,27,15,9,0,0,0,0,0,0,0,0,0,91,56,558,9.96,5,1,1,5,1,0
Eric Saubert,26,8,4,0,0,0,0,0,0,0,0,0,4,3,16,5.33,0,0,0,0,0,0
Eric Tomlinson,28,7,2,0,0,0,0,0,0,0,0,0,1,0,0,0,0,0,0,0,0,0
Evan Engram,26,16,14,0,0,0,0,0,6,26,4.33,1,109,63,654,10.38,1,1,1,2,0,0
Ezekiel Elliott,25,15,15,0,0,0,0,0,244,979,4.01,6,71,52,338,6.50,2,6,5,8,1,0
Foster Moreau,23,16,2,0,0,0,0,0,0,0,0,0,9,7,140,20.00,2,0,0,2,0,0
Freddie Swain,22,16,1,0,0,0,0,0,0,0,0,0,21,13,159,12.23,2,0,0,2,0,0
Gabe Nabers,23,16,5,0,0,0,0,0,2,7,3.50,0,7,5,25,5.00,2,0,0,2,0,0
Gabriel Davis,21,16,11,0,0,0,0,0,1,0,0.00,0,62,35,599,17.11,7,1,0,7,0,0
Gardner Minshew II,24,9,8,216,327,2259,16,5,29,153,5.28,1,1,1,0,0.00,0,5,4,1,0,1
Garrett Gilbert,29,1,1,21,38,243,1,1,3,28,9.33,0,0,0,0,0,0,0,0,0,0,0
Garrett Griffin,26,4,3,0,0,0,0,0,0,0,0,0,0,0,0,0,0,0,0,0,0,0
Geno Smith,30,1,0,4,5,33,0,0,2,-2,-1.00,0,0,0,0,0,0,1,0,0,0,0
Geoff Swaim,27,10,8,0,0,0,0,0,0,0,0,0,12,9,83,9.22,1,0,0,1,0,0
George Kittle,27,8,8,0,0,0,0,0,2,17,8.50,0,63,48,634,13.21,2,0,0,2,0,0
Gerald Everett,26,16,7,0,0,0,0,0,1,2,2.00,1,62,41,417,10.17,1,1,1,2,0,0
Giovani Bernard,29,16,10,0,0,0,0,0,124,416,3.35,3,59,47,355,7.55,3,1,1,6,0,0
Greg Ward,25,16,10,1,1,15,0,0,2,-4,-2.00,0,79,53,419,7.91,6,2,0,6,1,0
Gunner Olszewski,24,13,2,0,0,0,0,0,5,23,4.60,0,5,5,62,12.40,1,1,0,2,0,0
Harrison Bryant,22,15,9,0,0,0,0,0,0,0,0,0,38,24,238,9.92,3,2,2,3,0,0
Hayden Hurst,27,16,9,0,0,0,0,0,0,0,0,0,88,56,571,10.20,6,0,0,6,0,0
Henry Ruggs III,21,13,12,0,0,0,0,0,9,49,5.44,0,43,26,452,17.38,2,2,2,2,0,0
Hunter Henry,26,14,14,0,0,0,0,0,0,0,0,0,93,60,613,10.22,4,0,0,4,0,0
Hunter Renfrow,25,16,6,0,0,0,0,0,0,0,0,0,77,56,656,11.71,2,2,1,2,0,0
Ian Thomas,24,16,8,0,0,0,0,0,0,0,0,0,31,20,145,7.25,1,1,0,1,0,0
Isaiah Ford,24,10,1,0,0,0,0,0,0,0,0,0,44,28,276,9.86,0,0,0,0,0,0
Isaiah McKenzie,25,16,7,1,1,12,1,0,10,9,0.90,0,34,30,282,9.40,5,0,0,6,0,0
Ito Smith,25,14,0,0,0,0,0,0,63,268,4.25,1,26,17,75,4.41,0,1,0,1,0,0
J.D. McKissic,27,16,7,0,0,0,0,0,85,365,4.29,1,110,80,589,7.36,2,3,1,3,0,0
J.J. Taylor,22,6,0,0,0,0,0,0,23,110,4.78,0,2,1,4,4.00,0,0,0,0,0,0
JJ Arcega-Whiteside,24,8,0,0,0,0,0,0,0,0,0,0,8,4,85,21.25,0,0,0,1,1,0
Ja'Marcus Bradley,24,3,1,0,0,0,0,0,0,0,0,0,11,5,60,12.00,0,0,0,0,0,0
Jack Doyle,30,14,12,0,0,0,0,0,0,0,0,0,33,23,251,10.91,3,1,1,3,0,0
Jacob Hollister,27,16,5,0,0,0,0,0,0,0,0,0,40,25,209,8.36,3,0,0,3,1,0
Jacoby Brissett,28,11,0,2,8,17,0,0,17,19,1.12,3,0,0,0,0,0,0,0,3,0,0
Jake Kumerow,28,6,0,0,0,0,0,0,0,0,0,0,1,1,22,22.00,1,0,0,1,0,0
Jakeem Grant,28,14,4,0,0,0,0,0,3,20,6.67,0,54,36,373,10.36,1,2,0,2,0,0
Jakob Johnson,26,16,11,0,0,0,0,0,0,0,0,0,9,8,35,4.38,1,1,0,1,0,0
Jakobi Meyers,24,14,9,2,2,43,2,0,2,9,4.50,0,81,59,729,12.36,0,1,1,0,1,0
Jalen Guyton,23,16,9,0,0,0,0,0,2,0,0.00,0,55,28,511,18.25,3,0,0,3,0,0
Jalen Hurts,22,15,4,77,148,1061,6,4,63,354,5.62,3,1,1,3,3.00,0,9,2,3,0,0
Jalen Reagor,21,11,11,0,0,0,0,0,4,26,6.50,0,54,31,396,12.77,1,2,0,2,1,0
Jalen Richard,27,13,0,0,0,0,0,0,22,123,5.59,1,23,19,138,7.26,0,1,0,1,0,0
Jamaal Williams,25,14,3,0,0,0,0,0,119,505,4.24,2,35,31,236,7.61,1,0,0,3,2,0
Jamal Agnew,25,14,2,0,1,0,0,0,6,33,5.50,0,20,13,89,6.85,0,2,1,1,0,0
Jameis Winston,26,4,0,7,11,75,0,0,8,-6,-0.75,0,0,0,0,0,0,0,0,0,0,0
James Conner,25,13,11,0,0,0,0,0,169,721,4.27,6,43,35,215,6.14,0,2,0,6,0,0
James O'Shaughnessy,28,15,13,0,0,0,0,0,0,0,0,0,38,28,262,9.36,0,0,0,0,0,0
James Proche,24,14,0,0,0,0,0,0,0,0,0,0,3,1,14,14.00,0,0,0,0,0,0
James Robinson,22,14,14,0,0,0,0,0,240,1070,4.46,7,60,49,344,7.02,3,3,1,10,1,0
James Washington,24,16,7,0,0,0,0,0,0,0,0,0,56,30,392,13.07,5,0,0,5,0,0
James White,28,14,0,0,0,0,0,0,35,121,3.46,2,62,49,375,7.65,1,1,0,3,0,0
Jamison Crowder,27,12,7,1,1,43,1,0,1,14,14.00,0,89,59,699,11.85,6,0,0,6,0,0
Jamycal Hasty,24,8,0,0,0,0,0,0,39,148,3.79,1,8,7,33,4.71,0,1,0,1,0,0
Jared Cook,33,15,5,0,0,0,0,0,0,0,0,0,60,37,504,13.62,7,1,1,7,0,0
Jared Goff,26,15,15,370,552,3952,20,13,51,99,1.94,4,0,0,0,0,0,7,4,4,0,1
Jarvis Landry,28,15,14,4,4,74,1,0,4,10,2.50,1,101,72,840,11.67,3,2,0,4,0,0
Jason Huntley,22,5,0,0,0,0,0,0,5,19,3.80,0,2,1,0,0.00,0,0,0,0,0,0
Jason Moore,25,2,0,0,0,0,0,0,0,0,0,0,0,0,0,0,0,0,0,0,0,0
Jaydon Mickens,26,10,0,0,0,0,0,0,0,0,0,0,10,7,58,8.29,0,0,0,0,0,0
Jaylen Samuels,24,14,1,0,0,0,0,0,9,28,3.11,0,14,9,46,5.11,0,0,0,0,0,0
Jeff Smith,23,12,4,0,0,0,0,0,0,0,0,0,37,17,167,9.82,0,0,0,0,0,0
Jeff Wilson,25,12,3,0,0,0,0,0,126,600,4.76,7,28,13,133,10.23,3,2,2,10,0,0
Jeremy McNichols,25,16,0,0,0,0,0,0,47,204,4.34,1,17,12,55,4.58,0,0,0,1,0,0
Jeremy Sprinkle,26,16,6,0,0,0,0,0,0,0,0,0,3,1,6,6.00,0,0,0,0,0,0
Jerick McKinnon,28,16,4,0,0,0,0,0,81,319,3.94,5,46,33,253,7.67,1,0,0,6,0,0
Jerry Jeudy,21,16,14,0,0,0,0,0,0,0,0,0,113,52,856,16.46,3,2,0,3,1,0
Jesse James,26,16,7,0,0,0,0,0,0,0,0,0,22,14,129,9.21,2,0,0,2,0,0
Jimmy Garoppolo,29,6,6,94,140,1096,7,5,10,25,2.50,0,0,0,0,0,0,2,0,0,0,0
Jimmy Graham,34,16,15,0,0,0,0,0,0,0,0,0,76,50,456,9.12,8,1,0,8,0,0
Joe Burrow,24,10,10,264,404,2688,13,5,37,142,3.84,3,0,0,0,0,0,9,4,3,0,0
Joe Flacco,35,5,4,74,134,864,6,3,6,22,3.67,0,0,0,0,0,0,1,0,0,0,0
Joe Mixon,24,6,6,0,0,0,0,0,119,428,3.60,3,26,21,138,6.57,1,1,1,4,0,0
John Ross,25,3,1,0,0,0,0,0,0,0,0,0,7,2,17,8.50,0,0,0,0,0,0
John Wolford,25,1,1,22,38,231,0,1,6,56,9.33,0,0,0,0,0,0,0,0,0,0,0
Johnny Mundt,26,16,1,0,0,0,0,0,0,0,0,0,4,4,53,13.25,0,0,0,0,0,0
Johnny Stanton,26,1,0,0,0,0,0,0,0,0,0,0,0,0,0,0,0,0,0,0,0,0
Jonathan Taylor,21,15,13,0,0,0,0,0,232,1169,5.04,11,39,36,299,8.31,1,1,1,12,0,0
Jonathan Ward,23,14,0,0,0,0,0,0,0,0,0,0,1,1,11,11.00,1,0,0,1,0,0
Jonathan Williams,26,5,0,0,0,0,0,0,1,5,5.00,0,4,4,21,5.25,0,1,1,0,0,0
Jonnu Smith,25,15,14,0,0,0,0,0,2,4,2.00,1,65,41,448,10.93,8,0,0,9,0,0
Jordan Akins,28,13,5,0,0,0,0,0,1,4,4.00,0,49,37,403,10.89,1,0,0,1,0,0
Jordan Howard,26,7,4,0,0,0,0,0,35,60,1.71,4,1,1,-3,-3.00,0,1,0,4,0,0
Josh Allen,24,16,16,396,572,4544,37,10,102,421,4.13,8,1,1,12,12.00,1,9,6,9,0,0
Josh Jacobs,22,15,15,0,0,0,0,0,273,1065,3.90,12,45,33,238,7.21,0,2,2,12,0,0
Josh Reynolds,25,16,13,0,0,0,0,0,1,5,5.00,0,81,52,618,11.88,2,2,1,2,0,0
Joshua Kelley,23,14,0,0,0,0,0,0,111,354,3.19,2,23,23,148,6.43,0,2,2,2,0,0
Josiah Deguara,23,2,1,0,0,0,0,0,0,0,0,0,2,1,12,12.00,0,0,0,0,0,0
JuJu Smith-Schuster,24,16,14,0,0,0,0,0,0,0,0,0,128,97,831,8.57,9,3,1,9,1,0
Julio Jones,31,9,9,0,0,0,0,0,0,0,0,0,68,51,771,15.12,3,0,0,3,0,0
Justin Herbert,22,15,15,396,595,4336,31,10,55,234,4.25,5,0,0,0,0,0,8,1,5,0,2
Justin Jackson,24,9,4,0,0,0,0,0,59,270,4.58,0,24,19,173,9.11,0,0,0,0,1,0
Justin Jefferson,21,16,14,0,0,0,0,0,1,2,2.00,0,125,88,1400,15.91,7,1,0,7,2,0
Juwan Johnson,24,7,4,0,0,0,0,0,0,0,0,0,10,4,39,9.75,0,0,0,0,0,0
Juwann Winfree,24,2,0,0,0,0,0,0,0,0,0,0,0,0,0,0,0,0,0,0,0,0
K.J. Osborn,23,9,0,0,0,0,0,0,0,0,0,0,0,0,0,0,0,2,0,0,0,0
KJ Hamler,21,13,4,0,0,0,0,0,9,40,4.44,0,56,30,381,12.70,3,2,0,3,0,0
Kaden Smith,23,15,12,0,0,0,0,0,0,0,0,0,21,18,112,6.22,0,1,0,0,0,0
Kalen Ballage,25,11,2,0,0,0,0,0,91,303,3.33,3,37,29,166,5.72,0,1,0,3,0,0
Kalif Raymond,26,15,3,0,0,0,0,0,1,-3,-3.00,0,15,9,187,20.78,0,0,0,0,0,0
Kareem Hunt,25,16,5,0,0,0,0,0,198,841,4.25,6,51,38,304,8.00,5,2,0,11,0,0
Ke'Shawn Vaughn,23,10,0,0,0,0,0,0,26,109,4.19,0,10,5,34,6.80,1,1,1,1,0,0
Keelan Cole,27,16,5,0,0,0,0,0,1,2,2.00,0,88,55,642,11.67,5,0,0,6,0,0
Keenan Allen,28,14,13,0,1,0,0,0,1,-1,-1.00,0,147,100,992,9.92,8,3,2,8,1,0
Keith Kirkwood,26,1,0,0,0,0,0,0,0,0,0,0,2,1,13,13.00,0,0,0,0,0,0
Keith Smith,28,16,7,0,0,0,0,0,4,7,1.75,0,15,11,59,5.36,0,0,0,0,0,0
Keke Coutee,23,8,4,0,0,0,0,0,0,0,0,0,40,33,400,12.12,3,4,3,3,1,0
Kendall Hinton,23,1,0,1,9,13,0,2,2,7,3.50,0,0,0,0,0,0,0,0,0,0,0
Kendrick Bourne,25,15,5,0,0,0,0,0,0,0,0,0,74,49,667,13.61,2,0,0,2,1,0
Kenny Golladay,27,5,5,0,0,0,0,0,0,0,0,0,32,20,338,16.90,2,0,0,2,0,0
Kenny Stills,28,10,0,0,0,0,0,0,0,0,0,0,19,11,144,13.09,1,0,0,1,0,0
Kenyan Drake,26,15,13,0,0,0,0,0,239,955,4.00,10,31,25,137,5.48,0,3,1,10,0,0
Kevin Rader,25,1,1,0,0,0,0,0,0,0,0,0,1,0,0,0,0,0,0,0,0,0
Kevin White,28,3,0,0,0,0,0,0,0,0,0,0,0,0,0,0,0,0,0,0,0,0
KhaDarel Hodge,25,9,0,0,0,0,0,0,0,0,0,0,17,11,180,16.36,0,0,0,0,0,0
Khari Blasingame,24,15,7,0,0,0,0,0,0,0,0,0,5,4,39,9.75,0,0,0,0,0,0
Kirk Cousins,32,16,16,349,516,4265,35,13,32,156,4.88,1,0,0,0,0,0,9,5,1,0,5
Kirk Merritt,23,1,0,0,0,0,0,0,0,0,0,0,0,0,0,0,0,0,0,0,0,0
Kristian Wilkerson,23,1,0,0,0,0,0,0,0,0,0,0,0,0,0,0,0,0,0,0,0,0
Kyle Allen,24,4,4,60,87,610,4,1,7,26,3.71,1,0,0,0,0,0,1,1,1,0,0
Kyle Juszczyk,29,16,15,0,0,0,0,0,17,64,3.76,2,29,19,202,10.63,4,1,0,6,0,0
Kyle Rudolph,31,12,12,0,0,0,0,0,0,0,0,0,37,28,334,11.93,1,1,1,1,0,0
Kyler Murray,23,16,16,375,558,3971,26,12,133,819,6.16,11,0,0,0,0,0,9,4,11,0,0
La'Mical Perine,22,10,0,0,0,0,0,0,64,232,3.63,2,15,11,63,5.73,0,0,0,2,0,0
Lamar Jackson,23,15,15,242,376,2757,26,9,159,1005,6.32,7,0,0,0,0,0,10,4,7,0,1
Laquon Treadwell,25,5,0,0,0,0,0,0,0,0,0,0,7,6,49,8.17,2,0,0,2,0,0
Latavius Murray,30,15,7,0,0,0,0,0,146,656,4.49,4,26,23,176,7.65,1,1,0,5,0,0
Laviska Shenault Jr.,22,14,12,0,0,0,0,0,18,91,5.06,0,79,58,600,10.34,5,0,0,5,0,0
Le'Veon Bell,28,11,4,0,0,0,0,0,82,328,4.00,2,20,16,138,8.63,0,1,0,2,0,0
Lee Smith,33,10,2,0,0,0,0,0,0,0,0,0,6,4,35,8.75,2,0,0,2,0,0
Leonard Fournette,25,13,3,0,0,0,0,0,97,367,3.78,6,47,36,233,6.47,0,0,0,6,0,0
Lil'Jordan Humphrey,22,3,1,0,0,0,0,0,0,0,0,0,5,3,46,15.33,1,0,0,1,0,0
Logan Thomas,29,16,15,1,1,28,0,0,3,5,1.67,0,110,72,670,9.31,6,0,0,6,0,0
Logan Woodside,25,6,0,1,3,7,0,0,7,10,1.43,0,0,0,0,0,0,0,0,0,0,0
Luke Stocker,32,16,13,0,0,0,0,0,0,0,0,0,11,7,63,9.00,0,0,0,0,0,0
Mack Hollins,27,16,2,0,0,0,0,0,0,0,0,0,25,16,176,11.00,1,1,1,1,0,0
Malcolm Brown,27,16,0,0,0,0,0,0,101,419,4.15,5,33,23,162,7.04,0,1,1,5,0,0
Malik Taylor,25,15,1,0,0,0,0,0,1,9,9.00,0,6,5,66,13.20,1,0,0,1,0,0
Malik Turner,24,6,0,0,0,0,0,0,0,0,0,0,0,0,0,0,0,0,0,0,0,0
Marcedes Lewis,36,15,15,0,0,0,0,0,0,0,0,0,17,10,107,10.70,3,0,0,3,0,0
Marcus Johnson,26,11,3,0,0,0,0,0,0,0,0,0,28,14,255,18.21,0,0,0,0,0,0
Marcus Kemp,25,11,0,0,0,0,0,0,0,0,0,0,1,1,11,11.00,0,0,0,0,0,0
Marcus Mariota,27,1,0,17,28,226,1,1,9,88,9.78,1,0,0,0,0,0,0,0,1,0,0
Mark Andrews,25,14,2,0,0,0,0,0,0,0,0,0,88,58,701,12.09,7,2,0,7,0,0
Mark Ingram,31,11,9,0,0,0,0,0,72,299,4.15,2,8,6,50,8.33,0,0,0,2,0,0
Marlon Mack,24,1,1,0,0,0,0,0,4,26,6.50,0,3,3,30,10.00,0,0,0,0,0,0
Marquez Callaway,22,11,3,0,0,0,0,0,0,0,0,0,27,21,213,10.14,0,0,0,0,0,0
Marquez Valdes-Scantling,26,16,12,0,0,0,0,0,4,13,3.25,0,63,33,690,20.91,6,1,1,6,0,0
Marquise Brown,23,16,14,0,0,0,0,0,1,1,1.00,0,100,58,769,13.26,8,0,0,8,0,0
Marvin Hall,27,12,6,0,0,0,0,0,1,1,1.00,0,32,18,302,16.78,2,0,0,2,0,0
Marvin Jones,30,16,16,0,0,0,0,0,0,0,0,0,115,76,978,12.87,9,0,0,9,0,0
Mason Rudolph,25,5,1,25,43,324,2,1,7,-6,-0.86,0,0,0,0,0,0,0,0,0,0,0
Matt Breida,25,12,1,0,0,0,0,0,59,254,4.31,0,10,9,96,10.67,0,2,1,0,0,0
Matt Ryan,35,16,16,407,626,4581,26,11,29,92,3.17,2,0,0,0,0,0,6,3,2,0,1
Matthew Stafford,32,16,16,339,528,4084,26,10,29,112,3.86,0,1,0,0,0,0,2,1,0,0,2
Maxx Williams,26,9,8,0,0,0,0,0,0,0,0,0,10,8,102,12.75,1,0,0,1,0,0
Mecole Hardman,22,16,8,0,0,0,0,0,4,31,7.75,0,62,41,560,13.66,4,2,2,5,1,0
Melvin Gordon,27,15,10,0,0,0,0,0,215,986,4.59,9,44,32,158,4.94,1,4,4,10,0,0
Michael Burton,28,15,4,0,0,0,0,0,7,18,2.57,0,4,4,28,7.00,0,0,0,0,0,0
Michael Gallup,24,16,15,0,0,0,0,0,0,0,0,0,105,59,843,14.29,5,0,0,5,0,0
Michael Pittman Jr.,23,13,8,0,0,0,0,0,3,26,8.67,0,61,40,503,12.58,1,0,0,1,0,0
Mike Boone,25,16,0,0,0,0,0,0,11,59,5.36,1,2,2,10,5.00,0,0,0,1,0,0
Mike Davis,27,15,12,0,0,0,0,0,165,642,3.89,6,70,59,373,6.32,2,1,1,8,0,0
Mike Evans,27,16,16,0,0,0,0,0,0,0,0,0,109,70,1006,14.37,13,0,0,13,0,0
Mike Gesicki,25,15,9,0,0,0,0,0,0,0,0,0,85,53,703,13.26,6,0,0,6,0,0
Mike Glennon,31,5,5,111,179,1072,7,5,6,17,2.83,0,0,0,0,0,0,2,2,0,0,1
Mike Thomas,26,14,0,0,0,0,0,0,1,1,1.00,0,21,13,132,10.15,1,1,1,1,0,0
Mike Williams,26,15,11,0,0,0,0,0,1,1,1.00,0,85,48,756,15.75,5,0,0,5,0,0
Miles Boykin,24,16,13,0,0,0,0,0,0,0,0,0,33,19,266,14.00,4,0,0,4,0,0
Miles Sanders,23,12,11,0,0,0,0,0,164,867,5.29,6,52,28,197,7.04,0,4,2,6,2,0
Mitchell Trubisky,26,10,9,199,297,2055,16,8,33,195,5.91,1,0,0,0,0,0,6,2,1,0,1
Mo Alie-Cox,27,15,6,0,0,0,0,0,0,0,0,0,39,31,394,12.71,2,1,1,2,0,0
Mohamed Sanu,31,10,4,0,0,0,0,0,1,3,3.00,0,24,17,187,11.00,1,0,0,1,1,0
MyCole Pruitt,28,11,4,0,0,0,0,0,0,0,0,0,8,5,49,9.80,2,0,0,3,0,0
Myles Gaskin,23,10,7,0,0,0,0,0,142,584,4.11,3,47,41,388,9.46,2,2,2,5,0,0
N'Keal Harry,23,14,9,0,0,0,0,0,2,0,0.00,0,57,33,309,9.36,2,1,1,2,0,0
Nathan Cottrell,24,8,0,0,0,0,0,0,0,0,0,0,0,0,0,0,0,0,0,0,0,0
Nathan Peterman,26,1,0,3,5,25,0,0,1,9,9.00,0,0,0,0,0,0,0,0,0,0,0
Nelson Agholor,27,16,13,0,0,0,0,0,0,0,0,0,82,48,896,18.67,8,0,0,8,0,0
Nick Bellore,31,16,0,0,0,0,0,0,1,5,5.00,0,1,1,9,9.00,0,0,0,0,0,0
Nick Boyle,27,9,9,0,0,0,0,0,0,0,0,0,17,14,113,8.07,2,0,0,2,0,0
Nick Chubb,25,12,12,0,0,0,0,0,190,1067,5.62,12,18,16,150,9.38,0,1,1,12,0,0
Nick Foles,31,9,7,202,312,1852,10,8,16,1,0.06,1,0,0,0,0,0,2,0,1,0,0
Nick Mullens,25,10,8,211,326,2437,12,12,9,8,0.89,0,0,0,0,0,0,6,4,0,0,1
Nick Vannett,27,15,11,0,0,0,0,0,0,0,0,0,21,14,95,6.79,1,0,0,1,0,0
Nick Westbrook-Ikhine,23,14,1,0,0,0,0,0,0,0,0,0,8,3,33,11.00,0,0,0,0,1,0
Noah Brown,24,16,1,0,0,0,0,0,1,4,4.00,0,24,14,154,11.00,0,0,0,0,0,0
Noah Fant,23,15,14,0,0,0,0,0,0,0,0,0,93,62,673,10.85,3,0,0,3,1,0
Nyheim Hines,24,16,2,0,0,0,0,0,89,380,4.27,3,76,63,482,7.65,4,0,0,7,1,0
O.J. Howard,26,4,1,0,0,0,0,0,0,0,0,0,19,11,146,13.27,2,0,0,2,0,0
Odell Beckham Jr.,28,7,7,1,1,18,0,0,3,72,24.00,1,43,23,319,13.87,3,0,0,4,0,0
Olamide Zaccheaus,23,11,2,0,0,0,0,0,1,0,0.00,0,32,20,274,13.70,1,0,0,1,0,0
P.J. Walker,25,4,1,32,56,368,1,5,5,-2,-0.40,0,1,0,0,0,0,1,0,0,0,0
Parris Campbell,23,2,2,0,0,0,0,0,2,16,8.00,0,9,6,71,11.83,0,0,0,0,0,0
Patrick Laird,25,16,0,0,0,0,0,0,13,72,5.54,0,12,10,68,6.80,0,1,1,0,0,0
Patrick Mahomes,25,15,15,390,588,4740,38,6,62,308,4.97,2,2,0,0,0,0,5,2,2,0,3
Patrick Ricard,26,15,10,0,0,0,0,0,1,-1,-1.00,0,12,9,45,5.00,1,1,1,1,0,0
Penny Hart,24,13,0,0,0,0,0,0,1,19,19.00,0,1,1,3,3.00,0,0,0,0,0,0
Peyton Barber,26,16,2,0,0,0,0,0,94,258,2.74,4,7,4,12,3.00,0,0,0,4,0,0
Pharaoh Brown,26,13,9,0,0,0,0,0,0,0,0,0,16,14,163,11.64,2,0,0,2,0,0
Pharoh Cooper,25,16,1,0,0,0,0,0,0,0,0,0,8,5,73,14.60,0,1,0,0,0,0
Phillip Lindsay,26,11,8,0,0,0,0,0,118,502,4.25,1,14,7,28,4.00,0,0,0,1,0,0
Preston Williams,23,8,7,0,0,0,0,0,0,0,0,0,35,18,288,16.00,4,0,0,4,2,0
Qadree Ollison,24,3,0,0,0,0,0,0,1,3,3.00,0,0,0,0,0,0,0,0,0,0,0
Quez Watkins,22,6,0,0,0,0,0,0,0,0,0,0,13,7,106,15.14,1,0,0,1,0,0
Quintez Cephus,22,13,2,0,0,0,0,0,0,0,0,0,35,20,349,17.45,2,0,0,2,0,0
Raheem Mostert,28,8,8,0,0,0,0,0,104,521,5.01,2,19,16,156,9.75,1,1,1,3,0,0
Randall Cobb,30,10,2,0,1,0,0,0,0,0,0,0,48,38,441,11.61,3,0,0,3,0,0
Rashaad Penny,24,3,0,0,0,0,0,0,11,34,3.09,0,0,0,0,0,0,0,0,0,0,0
Rashard Higgins,26,13,6,0,0,0,0,0,0,0,0,0,52,37,599,16.19,4,3,0,4,0,0
Ray-Ray McCloud,24,16,2,0,0,0,0,0,4,65,16.25,0,22,20,77,3.85,0,2,1,0,0,0
Reggie Bonnafon,24,2,0,0,0,0,0,0,12,69,5.75,0,2,2,18,9.00,1,0,0,1,0,0
Reggie Gilliam,23,14,0,0,0,0,0,0,0,0,0,0,2,2,16,8.00,1,0,0,1,0,0
Rex Burkhead,30,10,0,0,0,0,0,0,67,274,4.09,3,33,25,192,7.68,3,0,0,6,0,0
Richard Rodgers,28,14,4,0,0,0,0,0,0,0,0,0,31,24,345,14.38,2,0,0,2,0,0
Ricky Seals-Jones,25,2,0,0,0,0,0,0,0,0,0,0,1,0,0,0,0,0,0,0,0,0
Rob Gronkowski,31,16,16,0,0,0,0,0,0,0,0,0,77,45,623,13.84,7,1,0,7,0,0
Robbie Chosen,27,16,16,0,0,0,0,0,4,15,3.75,0,136,95,1096,11.54,3,1,1,3,1,0
Robert Tonyan,26,16,8,0,0,0,0,0,0,0,0,0,59,52,586,11.27,11,0,0,11,0,0
Robert Woods,28,16,16,0,0,0,0,0,24,155,6.46,2,129,90,936,10.40,6,2,1,8,0,0
Rodney Smith,24,7,1,0,0,0,0,0,41,156,3.80,1,11,9,59,6.56,0,1,0,1,0,0
Ronald Jones II,23,14,13,0,0,0,0,0,192,978,5.09,7,42,28,165,5.89,1,2,2,8,0,0
Ross Dwelley,25,16,9,0,0,0,0,0,0,0,0,0,24,19,245,12.89,1,0,0,1,0,0
Royce Freeman,24,16,0,0,0,0,0,0,35,170,4.86,0,13,12,81,6.75,0,0,0,0,0,0
Russell Gage,24,16,8,1,2,39,1,0,2,9,4.50,0,109,72,786,10.92,4,0,0,4,0,0
Russell Wilson,32,16,16,384,558,4212,40,13,83,513,6.18,2,0,0,0,0,0,7,4,2,0,1
Ryan Fitzpatrick,38,9,7,183,267,2091,13,8,30,151,5.03,2,1,1,0,0.00,0,2,0,2,1,2
Ryan Griffin,30,15,6,0,0,0,0,0,0,0,0,0,12,9,86,9.56,0,0,0,0,0,0
Ryan Nall,25,16,0,0,0,0,0,0,3,0,0.00,0,9,8,67,8.38,1,0,0,1,0,0
Ryan Tannehill,32,16,16,315,481,3819,33,7,43,266,6.19,7,1,1,0,0.00,0,6,1,7,2,1
Salvon Ahmed,22,6,4,0,0,0,0,0,75,319,4.25,3,14,11,61,5.55,0,0,0,3,1,0
Sam Darnold,23,12,12,217,364,2208,9,11,37,217,5.86,2,0,0,0,0,0,4,2,2,0,1
Samaje Perine,25,16,1,0,0,0,0,0,63,301,4.78,3,12,11,66,6.00,0,0,0,3,0,0
Sammy Watkins,27,10,9,0,1,0,0,1,1,3,3.00,0,55,37,421,11.38,2,1,1,2,0,0
Saquon Barkley,23,2,2,0,0,0,0,0,19,34,1.79,0,9,6,60,10.00,0,0,0,0,0,0
Scott Miller,23,16,5,0,0,0,0,0,3,14,4.67,0,53,33,501,15.18,3,0,0,3,0,0
Scottie Phillips,23,8,0,0,0,0,0,0,2,9,4.50,0,1,1,7,7.00,0,0,0,0,0,0
Sean McKeon,23,14,1,0,0,0,0,0,0,0,0,0,0,0,0,0,0,0,0,0,0,0
Sony Michel,25,9,6,0,0,0,0,0,79,449,5.68,1,9,7,114,16.29,1,0,0,2,0,0
Stanley Morgan Jr.,24,6,0,0,0,0,0,0,0,0,0,0,0,0,0,0,0,0,0,0,0,0
Stefon Diggs,27,16,15,0,0,0,0,0,1,1,1.00,0,166,127,1535,12.09,8,0,0,8,0,0
Stephen Anderson,27,16,3,0,0,0,0,0,0,0,0,0,11,8,106,13.25,0,0,0,0,0,0
Sterling Shepard,27,12,12,0,0,0,0,0,6,49,8.17,1,90,66,656,9.94,3,0,0,4,1,0
T.J. Hockenson,23,16,16,0,0,0,0,0,1,0,0.00,0,101,67,723,10.79,6,1,1,6,1,0
T.Y. Hilton,31,15,15,0,0,0,0,0,0,0,0,0,93,56,762,13.61,5,0,0,5,1,0
Tajae Sharpe,26,4,0,0,0,0,0,0,0,0,0,0,3,0,0,0,0,0,0,0,0,0
Tavon Austin,30,4,0,0,0,0,0,0,0,0,0,0,5,5,20,4.00,0,1,1,0,0,0
Taylor Heinicke,27,1,0,12,19,137,1,0,3,22,7.33,0,0,0,0,0,0,0,0,0,0,0
Taysom Hill,30,16,8,88,121,928,4,2,87,457,5.25,8,12,8,98,12.25,1,10,5,9,0,0
Teddy Bridgewater,28,15,15,340,492,3733,15,11,53,279,5.26,5,0,0,0,0,0,6,3,5,0,1
Tee Higgins,21,16,14,0,0,0,0,0,5,28,5.60,0,108,67,908,13.55,6,1,1,6,0,0
Terry McLaurin,25,15,15,0,0,0,0,0,2,30,15.00,0,134,87,1118,12.85,4,1,1,4,0,0
Tevin Coleman,27,8,1,0,0,0,0,0,28,53,1.89,0,5,4,34,8.50,0,0,0,0,0,0
Tim Boyle,26,8,0,0,0,0,0,0,13,-9,-0.69,0,0,0,0,0,0,1,0,0,0,0
Tim Patrick,27,15,15,0,0,0,0,0,0,0,0,0,79,51,742,14.55,6,0,0,6,0,0
Tom Brady,43,16,16,401,610,4633,40,12,30,6,0.20,3,0,0,0,0,0,4,1,3,0,0
Tommylee Lewis,28,5,0,0,0,0,0,0,2,14,7.00,0,3,1,5,5.00,0,0,0,0,0,0
Tony Jones,23,1,1,0,0,0,0,0,3,13,4.33,0,0,0,0,0,0,0,0,0,0,0
Tony Pollard,23,16,2,0,0,0,0,0,101,435,4.31,4,40,28,193,6.89,1,0,0,5,0,0
Travis Homer,22,9,0,0,0,0,0,0,25,88,3.52,0,10,9,90,10.00,1,0,0,1,0,0
Travis Kelce,31,15,15,1,2,4,0,0,0,0,0,0,145,105,1416,13.49,11,1,1,11,1,0
Trayveon Williams,23,10,0,0,0,0,0,0,26,157,6.04,0,5,5,30,6.00,0,1,1,0,0,0
Tre'Quan Smith,24,14,10,0,0,0,0,0,1,3,3.00,0,50,34,448,13.18,4,1,0,4,0,0
Trent Sherfield,24,15,1,0,0,0,0,0,0,0,0,0,7,5,50,10.00,0,0,0,0,0,0
Trent Taylor,26,12,1,0,0,0,0,0,0,0,0,0,21,10,86,8.60,0,0,0,0,0,0
Trenton Cannon,26,14,0,0,0,0,0,0,10,33,3.30,0,3,3,16,5.33,0,0,0,0,0,0
Trenton Irwin,25,1,0,0,0,0,0,0,0,0,0,0,2,1,5,5.00,0,0,0,0,0,0
Trevon Wesco,25,12,4,0,0,0,0,0,1,0,0.00,0,2,1,5,5.00,0,0,0,0,0,0
Tua Tagovailoa,22,10,9,186,290,1814,11,5,36,109,3.03,3,0,0,0,0,0,1,1,3,0,1
Ty Johnson,23,13,1,0,0,0,0,0,54,254,4.70,1,21,16,99,6.19,1,0,0,2,0,0
Ty Montgomery,27,6,1,0,0,0,0,0,19,101,5.32,0,6,3,27,9.00,0,0,0,0,0,0
Tyler Boyd,26,15,8,1,2,16,0,0,5,49,9.80,0,110,79,841,10.65,4,1,0,4,0,0
Tyler Conklin,25,16,2,0,0,0,0,0,0,0,0,0,26,19,194,10.21,1,1,0,1,0,0
Tyler Davis,23,8,0,0,0,0,0,0,0,0,0,0,2,0,0,0,0,0,0,0,0,0
Tyler Higbee,27,15,15,0,0,0,0,0,1,1,1.00,0,60,44,521,11.84,5,0,0,5,1,0
Tyler Huntley,22,2,0,3,5,15,0,0,10,23,2.30,0,0,0,0,0,0,0,0,0,0,0
Tyler Johnson,22,14,3,0,0,0,0,0,0,0,0,0,17,12,169,14.08,2,0,0,2,0,0
Tyler Kroft,28,10,4,0,0,0,0,0,0,0,0,0,16,12,119,9.92,3,0,0,3,0,0
Tyler Lockett,28,16,16,0,0,0,0,0,0,0,0,0,132,100,1054,10.54,10,1,0,10,0,0
Tyreek Hill,26,15,15,0,0,0,0,0,13,123,9.46,2,135,87,1276,14.67,15,1,0,17,0,0
Tyrod Taylor,31,2,1,16,30,208,0,0,6,7,1.17,0,0,0,0,0,0,0,0,0,0,0
Tyron Johnson,24,12,0,0,0,0,0,0,3,17,5.67,0,26,20,398,19.90,3,0,0,3,0,0
Van Jefferson,24,16,0,0,0,0,0,0,1,-1,-1.00,0,31,19,220,11.58,1,1,0,1,0,0
Wayne Gallman,26,15,10,0,0,0,0,0,147,682,4.64,6,27,21,114,5.43,0,1,0,6,0,0
Wendell Smallwood,26,1,0,0,0,0,0,0,0,0,0,0,0,0,0,0,0,0,0,0,0,0
Will Dissly,24,16,12,0,0,0,0,0,0,0,0,0,29,24,251,10.46,2,0,0,2,0,0
Will Fuller,26,11,11,0,0,0,0,0,1,0,0.00,0,75,53,879,16.58,8,0,0,8,0,0
Willie Snead,28,13,8,0,0,0,0,0,0,0,0,0,48,33,432,13.09,3,1,0,3,0,0
Zach Ertz,30,11,11,0,0,0,0,0,0,0,0,0,72,36,335,9.31,1,0,0,1,1,0
Zach Gentry,24,2,1,0,0,0,0,0,0,0,0,0,0,0,0,0,0,0,0,0,0,0
Zach Pascal,26,16,14,0,1,0,0,0,0,0,0,0,71,44,629,14.30,5,0,0,5,0,0
Zack Moss,23,13,0,0,0,0,0,0,112,481,4.29,4,18,14,95,6.79,1,0,0,5,0,0
Zay Jones,25,16,2,1,1,29,0,0,0,0,0,0,20,14,154,11.00,1,0,0,1,0,0
